first_name,last_name,customer_id,rental_id
MARY,SMITH,1,76
MARY,SMITH,1,573
MARY,SMITH,1,1185
MARY,SMITH,1,1422
MARY,SMITH,1,1476
MARY,SMITH,1,1725
MARY,SMITH,1,2308
MARY,SMITH,1,2363
MARY,SMITH,1,3284
MARY,SMITH,1,4526
MARY,SMITH,1,4611
MARY,SMITH,1,5244
MARY,SMITH,1,5326
MARY,SMITH,1,6163
MARY,SMITH,1,7273
MARY,SMITH,1,7841
MARY,SMITH,1,8033
MARY,SMITH,1,8074
MARY,SMITH,1,8116
MARY,SMITH,1,8326
MARY,SMITH,1,9571
MARY,SMITH,1,10437
MARY,SMITH,1,11299
MARY,SMITH,1,11367
MARY,SMITH,1,11824
MARY,SMITH,1,12250
MARY,SMITH,1,13068
MARY,SMITH,1,13176
MARY,SMITH,1,14762
MARY,SMITH,1,14825
MARY,SMITH,1,15298
MARY,SMITH,1,15315
PATRICIA,JOHNSON,2,320
PATRICIA,JOHNSON,2,2128
PATRICIA,JOHNSON,2,5636
PATRICIA,JOHNSON,2,5755
PATRICIA,JOHNSON,2,7346
PATRICIA,JOHNSON,2,7376
PATRICIA,JOHNSON,2,7459
PATRICIA,JOHNSON,2,8230
PATRICIA,JOHNSON,2,8598
PATRICIA,JOHNSON,2,8705
PATRICIA,JOHNSON,2,9031
PATRICIA,JOHNSON,2,9236
PATRICIA,JOHNSON,2,9248
PATRICIA,JOHNSON,2,9296
PATRICIA,JOHNSON,2,9465
PATRICIA,JOHNSON,2,10136
PATRICIA,JOHNSON,2,10466
PATRICIA,JOHNSON,2,10918
PATRICIA,JOHNSON,2,11087
PATRICIA,JOHNSON,2,11177
PATRICIA,JOHNSON,2,11256
PATRICIA,JOHNSON,2,11614
PATRICIA,JOHNSON,2,12963
PATRICIA,JOHNSON,2,14475
PATRICIA,JOHNSON,2,14743
PATRICIA,JOHNSON,2,15145
PATRICIA,JOHNSON,2,15907
LINDA,WILLIAMS,3,435
LINDA,WILLIAMS,3,830
LINDA,WILLIAMS,3,1546
LINDA,WILLIAMS,3,1726
LINDA,WILLIAMS,3,1911
LINDA,WILLIAMS,3,2628
LINDA,WILLIAMS,3,4180
LINDA,WILLIAMS,3,4725
LINDA,WILLIAMS,3,7096
LINDA,WILLIAMS,3,7503
LINDA,WILLIAMS,3,7703
LINDA,WILLIAMS,3,7724
LINDA,WILLIAMS,3,7911
LINDA,WILLIAMS,3,8086
LINDA,WILLIAMS,3,8545
LINDA,WILLIAMS,3,9226
LINDA,WILLIAMS,3,9443
LINDA,WILLIAMS,3,9595
LINDA,WILLIAMS,3,9816
LINDA,WILLIAMS,3,10597
LINDA,WILLIAMS,3,12556
LINDA,WILLIAMS,3,13403
LINDA,WILLIAMS,3,13610
LINDA,WILLIAMS,3,14699
LINDA,WILLIAMS,3,15038
LINDA,WILLIAMS,3,15619
BARBARA,JONES,4,1297
BARBARA,JONES,4,1633
BARBARA,JONES,4,1707
BARBARA,JONES,4,1735
BARBARA,JONES,4,2043
BARBARA,JONES,4,2642
BARBARA,JONES,4,7660
BARBARA,JONES,4,7718
BARBARA,JONES,4,8741
BARBARA,JONES,4,9100
BARBARA,JONES,4,9371
BARBARA,JONES,4,11069
BARBARA,JONES,4,11110
BARBARA,JONES,4,11529
BARBARA,JONES,4,12151
BARBARA,JONES,4,12294
BARBARA,JONES,4,12856
BARBARA,JONES,4,13704
BARBARA,JONES,4,13807
BARBARA,JONES,4,14225
BARBARA,JONES,4,15147
BARBARA,JONES,4,15635
ELIZABETH,BROWN,5,731
ELIZABETH,BROWN,5,1085
ELIZABETH,BROWN,5,1142
ELIZABETH,BROWN,5,1502
ELIZABETH,BROWN,5,1631
ELIZABETH,BROWN,5,2063
ELIZABETH,BROWN,5,2570
ELIZABETH,BROWN,5,3126
ELIZABETH,BROWN,5,3677
ELIZABETH,BROWN,5,4889
ELIZABETH,BROWN,5,5016
ELIZABETH,BROWN,5,5118
ELIZABETH,BROWN,5,5156
ELIZABETH,BROWN,5,5721
ELIZABETH,BROWN,5,6042
ELIZABETH,BROWN,5,6663
ELIZABETH,BROWN,5,6685
ELIZABETH,BROWN,5,7293
ELIZABETH,BROWN,5,7652
ELIZABETH,BROWN,5,7829
ELIZABETH,BROWN,5,8263
ELIZABETH,BROWN,5,8978
ELIZABETH,BROWN,5,9493
ELIZABETH,BROWN,5,9888
ELIZABETH,BROWN,5,10609
ELIZABETH,BROWN,5,10625
ELIZABETH,BROWN,5,11001
ELIZABETH,BROWN,5,11179
ELIZABETH,BROWN,5,11930
ELIZABETH,BROWN,5,12145
ELIZABETH,BROWN,5,12797
ELIZABETH,BROWN,5,13063
ELIZABETH,BROWN,5,13209
ELIZABETH,BROWN,5,13877
ELIZABETH,BROWN,5,14053
ELIZABETH,BROWN,5,14430
ELIZABETH,BROWN,5,14494
ELIZABETH,BROWN,5,15232
JENNIFER,DAVIS,6,57
JENNIFER,DAVIS,6,577
JENNIFER,DAVIS,6,916
JENNIFER,DAVIS,6,1575
JENNIFER,DAVIS,6,1841
JENNIFER,DAVIS,6,1966
JENNIFER,DAVIS,6,2345
JENNIFER,DAVIS,6,3983
JENNIFER,DAVIS,6,4278
JENNIFER,DAVIS,6,5553
JENNIFER,DAVIS,6,6211
JENNIFER,DAVIS,6,6248
JENNIFER,DAVIS,6,6686
JENNIFER,DAVIS,6,7099
JENNIFER,DAVIS,6,7136
JENNIFER,DAVIS,6,8101
JENNIFER,DAVIS,6,10271
JENNIFER,DAVIS,6,11023
JENNIFER,DAVIS,6,11398
JENNIFER,DAVIS,6,11591
JENNIFER,DAVIS,6,11727
JENNIFER,DAVIS,6,11853
JENNIFER,DAVIS,6,12254
JENNIFER,DAVIS,6,13451
JENNIFER,DAVIS,6,14329
JENNIFER,DAVIS,6,14377
JENNIFER,DAVIS,6,15509
JENNIFER,DAVIS,6,15603
MARIA,MILLER,7,46
MARIA,MILLER,7,117
MARIA,MILLER,7,748
MARIA,MILLER,7,975
MARIA,MILLER,7,1063
MARIA,MILLER,7,1810
MARIA,MILLER,7,2250
MARIA,MILLER,7,2709
MARIA,MILLER,7,2888
MARIA,MILLER,7,3007
MARIA,MILLER,7,3639
MARIA,MILLER,7,4238
MARIA,MILLER,7,4787
MARIA,MILLER,7,4856
MARIA,MILLER,7,5441
MARIA,MILLER,7,5921
MARIA,MILLER,7,6174
MARIA,MILLER,7,6295
MARIA,MILLER,7,6761
MARIA,MILLER,7,8422
MARIA,MILLER,7,9624
MARIA,MILLER,7,10330
MARIA,MILLER,7,10423
MARIA,MILLER,7,10514
MARIA,MILLER,7,10644
MARIA,MILLER,7,10989
MARIA,MILLER,7,11542
MARIA,MILLER,7,12367
MARIA,MILLER,7,12730
MARIA,MILLER,7,13373
MARIA,MILLER,7,13476
MARIA,MILLER,7,13594
MARIA,MILLER,7,14222
SUSAN,WILSON,8,866
SUSAN,WILSON,8,1305
SUSAN,WILSON,8,2095
SUSAN,WILSON,8,3114
SUSAN,WILSON,8,3475
SUSAN,WILSON,8,4003
SUSAN,WILSON,8,4175
SUSAN,WILSON,8,4409
SUSAN,WILSON,8,4503
SUSAN,WILSON,8,5300
SUSAN,WILSON,8,5341
SUSAN,WILSON,8,6375
SUSAN,WILSON,8,6647
SUSAN,WILSON,8,8809
SUSAN,WILSON,8,9629
SUSAN,WILSON,8,10141
SUSAN,WILSON,8,10561
SUSAN,WILSON,8,11232
SUSAN,WILSON,8,11284
SUSAN,WILSON,8,12613
SUSAN,WILSON,8,14114
SUSAN,WILSON,8,15374
SUSAN,WILSON,8,15764
SUSAN,WILSON,8,15805
MARGARET,MOORE,9,350
MARGARET,MOORE,9,877
MARGARET,MOORE,9,1075
MARGARET,MOORE,9,3142
MARGARET,MOORE,9,3262
MARGARET,MOORE,9,4454
MARGARET,MOORE,9,4748
MARGARET,MOORE,9,4796
MARGARET,MOORE,9,5659
MARGARET,MOORE,9,6019
MARGARET,MOORE,9,6165
MARGARET,MOORE,9,7616
MARGARET,MOORE,9,7801
MARGARET,MOORE,9,9043
MARGARET,MOORE,9,10451
MARGARET,MOORE,9,10454
MARGARET,MOORE,9,11400
MARGARET,MOORE,9,11556
MARGARET,MOORE,9,12228
MARGARET,MOORE,9,12309
MARGARET,MOORE,9,12652
MARGARET,MOORE,9,14489
MARGARET,MOORE,9,15813
DOROTHY,TAYLOR,10,1140
DOROTHY,TAYLOR,10,1801
DOROTHY,TAYLOR,10,1995
DOROTHY,TAYLOR,10,2222
DOROTHY,TAYLOR,10,2814
DOROTHY,TAYLOR,10,2865
DOROTHY,TAYLOR,10,3790
DOROTHY,TAYLOR,10,4042
DOROTHY,TAYLOR,10,4255
DOROTHY,TAYLOR,10,5038
DOROTHY,TAYLOR,10,5068
DOROTHY,TAYLOR,10,5444
DOROTHY,TAYLOR,10,5905
DOROTHY,TAYLOR,10,7738
DOROTHY,TAYLOR,10,8001
DOROTHY,TAYLOR,10,8188
DOROTHY,TAYLOR,10,9935
DOROTHY,TAYLOR,10,10671
DOROTHY,TAYLOR,10,11289
DOROTHY,TAYLOR,10,11405
DOROTHY,TAYLOR,10,12031
DOROTHY,TAYLOR,10,12400
DOROTHY,TAYLOR,10,13316
DOROTHY,TAYLOR,10,13917
DOROTHY,TAYLOR,10,15370
LISA,ANDERSON,11,987
LISA,ANDERSON,11,1470
LISA,ANDERSON,11,1939
LISA,ANDERSON,11,3192
LISA,ANDERSON,11,4608
LISA,ANDERSON,11,4943
LISA,ANDERSON,11,5835
LISA,ANDERSON,11,6146
LISA,ANDERSON,11,7314
LISA,ANDERSON,11,8014
LISA,ANDERSON,11,8100
LISA,ANDERSON,11,8447
LISA,ANDERSON,11,8715
LISA,ANDERSON,11,8950
LISA,ANDERSON,11,9292
LISA,ANDERSON,11,10812
LISA,ANDERSON,11,11166
LISA,ANDERSON,11,11502
LISA,ANDERSON,11,11646
LISA,ANDERSON,11,12015
LISA,ANDERSON,11,13572
LISA,ANDERSON,11,13790
LISA,ANDERSON,11,15120
LISA,ANDERSON,11,15240
NANCY,THOMAS,12,988
NANCY,THOMAS,12,1084
NANCY,THOMAS,12,1752
NANCY,THOMAS,12,2434
NANCY,THOMAS,12,2500
NANCY,THOMAS,12,2623
NANCY,THOMAS,12,3135
NANCY,THOMAS,12,3411
NANCY,THOMAS,12,3870
NANCY,THOMAS,12,5071
NANCY,THOMAS,12,5074
NANCY,THOMAS,12,5111
NANCY,THOMAS,12,5242
NANCY,THOMAS,12,6773
NANCY,THOMAS,12,7008
NANCY,THOMAS,12,7279
NANCY,THOMAS,12,8985
NANCY,THOMAS,12,9166
NANCY,THOMAS,12,9238
NANCY,THOMAS,12,9627
NANCY,THOMAS,12,9708
NANCY,THOMAS,12,10392
NANCY,THOMAS,12,11497
NANCY,THOMAS,12,12604
NANCY,THOMAS,12,13519
NANCY,THOMAS,12,13895
NANCY,THOMAS,12,14240
NANCY,THOMAS,12,15993
KAREN,JACKSON,13,1933
KAREN,JACKSON,13,2209
KAREN,JACKSON,13,2952
KAREN,JACKSON,13,3047
KAREN,JACKSON,13,3946
KAREN,JACKSON,13,6118
KAREN,JACKSON,13,6568
KAREN,JACKSON,13,6870
KAREN,JACKSON,13,6897
KAREN,JACKSON,13,7916
KAREN,JACKSON,13,8277
KAREN,JACKSON,13,8831
KAREN,JACKSON,13,9260
KAREN,JACKSON,13,9434
KAREN,JACKSON,13,9664
KAREN,JACKSON,13,9736
KAREN,JACKSON,13,10003
KAREN,JACKSON,13,11292
KAREN,JACKSON,13,11315
KAREN,JACKSON,13,11761
KAREN,JACKSON,13,12918
KAREN,JACKSON,13,13096
KAREN,JACKSON,13,13213
KAREN,JACKSON,13,13456
KAREN,JACKSON,13,14252
KAREN,JACKSON,13,14545
KAREN,JACKSON,13,15338
BETTY,WHITE,14,151
BETTY,WHITE,14,346
BETTY,WHITE,14,525
BETTY,WHITE,14,671
BETTY,WHITE,14,815
BETTY,WHITE,14,1360
BETTY,WHITE,14,3707
BETTY,WHITE,14,4952
BETTY,WHITE,14,5104
BETTY,WHITE,14,5317
BETTY,WHITE,14,5383
BETTY,WHITE,14,5565
BETTY,WHITE,14,8035
BETTY,WHITE,14,8042
BETTY,WHITE,14,8548
BETTY,WHITE,14,8836
BETTY,WHITE,14,9438
BETTY,WHITE,14,9592
BETTY,WHITE,14,10348
BETTY,WHITE,14,10526
BETTY,WHITE,14,11480
BETTY,WHITE,14,11528
BETTY,WHITE,14,12668
BETTY,WHITE,14,13757
BETTY,WHITE,14,13780
BETTY,WHITE,14,15015
BETTY,WHITE,14,15373
BETTY,WHITE,14,16045
HELEN,HARRIS,15,2486
HELEN,HARRIS,15,2937
HELEN,HARRIS,15,3182
HELEN,HARRIS,15,3550
HELEN,HARRIS,15,4127
HELEN,HARRIS,15,5717
HELEN,HARRIS,15,5975
HELEN,HARRIS,15,7105
HELEN,HARRIS,15,8193
HELEN,HARRIS,15,8615
HELEN,HARRIS,15,8927
HELEN,HARRIS,15,9987
HELEN,HARRIS,15,11118
HELEN,HARRIS,15,11141
HELEN,HARRIS,15,11307
HELEN,HARRIS,15,11341
HELEN,HARRIS,15,11922
HELEN,HARRIS,15,12272
HELEN,HARRIS,15,12551
HELEN,HARRIS,15,12635
HELEN,HARRIS,15,13339
HELEN,HARRIS,15,13393
HELEN,HARRIS,15,13503
HELEN,HARRIS,15,13541
HELEN,HARRIS,15,13677
HELEN,HARRIS,15,13798
HELEN,HARRIS,15,13968
HELEN,HARRIS,15,14569
HELEN,HARRIS,15,14776
HELEN,HARRIS,15,14872
HELEN,HARRIS,15,15178
HELEN,HARRIS,15,15897
SANDRA,MARTIN,16,335
SANDRA,MARTIN,16,593
SANDRA,MARTIN,16,887
SANDRA,MARTIN,16,1017
SANDRA,MARTIN,16,1934
SANDRA,MARTIN,16,1944
SANDRA,MARTIN,16,2960
SANDRA,MARTIN,16,3348
SANDRA,MARTIN,16,3548
SANDRA,MARTIN,16,4219
SANDRA,MARTIN,16,4263
SANDRA,MARTIN,16,4517
SANDRA,MARTIN,16,6100
SANDRA,MARTIN,16,7489
SANDRA,MARTIN,16,7552
SANDRA,MARTIN,16,8452
SANDRA,MARTIN,16,9158
SANDRA,MARTIN,16,9610
SANDRA,MARTIN,16,10687
SANDRA,MARTIN,16,10727
SANDRA,MARTIN,16,11308
SANDRA,MARTIN,16,12104
SANDRA,MARTIN,16,12358
SANDRA,MARTIN,16,12577
SANDRA,MARTIN,16,13151
SANDRA,MARTIN,16,13391
SANDRA,MARTIN,16,13480
SANDRA,MARTIN,16,14511
DONNA,THOMPSON,17,287
DONNA,THOMPSON,17,580
DONNA,THOMPSON,17,884
DONNA,THOMPSON,17,2175
DONNA,THOMPSON,17,2684
DONNA,THOMPSON,17,3269
DONNA,THOMPSON,17,5714
DONNA,THOMPSON,17,5883
DONNA,THOMPSON,17,6884
DONNA,THOMPSON,17,8076
DONNA,THOMPSON,17,8213
DONNA,THOMPSON,17,9092
DONNA,THOMPSON,17,9138
DONNA,THOMPSON,17,9382
DONNA,THOMPSON,17,9489
DONNA,THOMPSON,17,11990
DONNA,THOMPSON,17,13732
DONNA,THOMPSON,17,14040
DONNA,THOMPSON,17,14326
DONNA,THOMPSON,17,14346
DONNA,THOMPSON,17,15752
CAROL,GARCIA,18,50
CAROL,GARCIA,18,116
CAROL,GARCIA,18,692
CAROL,GARCIA,18,1451
CAROL,GARCIA,18,1783
CAROL,GARCIA,18,2112
CAROL,GARCIA,18,2990
CAROL,GARCIA,18,4672
CAROL,GARCIA,18,4724
CAROL,GARCIA,18,4923
CAROL,GARCIA,18,6128
CAROL,GARCIA,18,6846
CAROL,GARCIA,18,8122
CAROL,GARCIA,18,8555
CAROL,GARCIA,18,9036
CAROL,GARCIA,18,9114
CAROL,GARCIA,18,10682
CAROL,GARCIA,18,10721
CAROL,GARCIA,18,11094
CAROL,GARCIA,18,11439
CAROL,GARCIA,18,12333
CAROL,GARCIA,18,13490
RUTH,MARTINEZ,19,18
RUTH,MARTINEZ,19,110
RUTH,MARTINEZ,19,179
RUTH,MARTINEZ,19,337
RUTH,MARTINEZ,19,591
RUTH,MARTINEZ,19,696
RUTH,MARTINEZ,19,2657
RUTH,MARTINEZ,19,2848
RUTH,MARTINEZ,19,3423
RUTH,MARTINEZ,19,3549
RUTH,MARTINEZ,19,6495
RUTH,MARTINEZ,19,9157
RUTH,MARTINEZ,19,9256
RUTH,MARTINEZ,19,10077
RUTH,MARTINEZ,19,10176
RUTH,MARTINEZ,19,11508
RUTH,MARTINEZ,19,11869
RUTH,MARTINEZ,19,12211
RUTH,MARTINEZ,19,12357
RUTH,MARTINEZ,19,13718
RUTH,MARTINEZ,19,13804
RUTH,MARTINEZ,19,14101
RUTH,MARTINEZ,19,15047
RUTH,MARTINEZ,19,15529
SHARON,ROBINSON,20,202
SHARON,ROBINSON,20,497
SHARON,ROBINSON,20,546
SHARON,ROBINSON,20,1558
SHARON,ROBINSON,20,2136
SHARON,ROBINSON,20,2343
SHARON,ROBINSON,20,3350
SHARON,ROBINSON,20,4011
SHARON,ROBINSON,20,4407
SHARON,ROBINSON,20,5718
SHARON,ROBINSON,20,6254
SHARON,ROBINSON,20,6267
SHARON,ROBINSON,20,7217
SHARON,ROBINSON,20,7864
SHARON,ROBINSON,20,8127
SHARON,ROBINSON,20,9075
SHARON,ROBINSON,20,9468
SHARON,ROBINSON,20,10284
SHARON,ROBINSON,20,10616
SHARON,ROBINSON,20,10954
SHARON,ROBINSON,20,11821
SHARON,ROBINSON,20,12180
SHARON,ROBINSON,20,13036
SHARON,ROBINSON,20,13137
SHARON,ROBINSON,20,13317
SHARON,ROBINSON,20,14613
SHARON,ROBINSON,20,15057
SHARON,ROBINSON,20,15161
SHARON,ROBINSON,20,15248
SHARON,ROBINSON,20,15460
MICHELLE,CLARK,21,260
MICHELLE,CLARK,21,463
MICHELLE,CLARK,21,570
MICHELLE,CLARK,21,2235
MICHELLE,CLARK,21,2268
MICHELLE,CLARK,21,2393
MICHELLE,CLARK,21,2830
MICHELLE,CLARK,21,3212
MICHELLE,CLARK,21,5107
MICHELLE,CLARK,21,5772
MICHELLE,CLARK,21,5961
MICHELLE,CLARK,21,6943
MICHELLE,CLARK,21,7994
MICHELLE,CLARK,21,8196
MICHELLE,CLARK,21,8862
MICHELLE,CLARK,21,9149
MICHELLE,CLARK,21,9699
MICHELLE,CLARK,21,10570
MICHELLE,CLARK,21,10734
MICHELLE,CLARK,21,11072
MICHELLE,CLARK,21,11970
MICHELLE,CLARK,21,12131
MICHELLE,CLARK,21,12660
MICHELLE,CLARK,21,12774
MICHELLE,CLARK,21,13381
MICHELLE,CLARK,21,13399
MICHELLE,CLARK,21,13411
MICHELLE,CLARK,21,13463
MICHELLE,CLARK,21,13699
MICHELLE,CLARK,21,13740
MICHELLE,CLARK,21,14077
MICHELLE,CLARK,21,14161
MICHELLE,CLARK,21,14446
MICHELLE,CLARK,21,14869
MICHELLE,CLARK,21,14933
LAURA,RODRIGUEZ,22,370
LAURA,RODRIGUEZ,22,556
LAURA,RODRIGUEZ,22,820
LAURA,RODRIGUEZ,22,3419
LAURA,RODRIGUEZ,22,4215
LAURA,RODRIGUEZ,22,5294
LAURA,RODRIGUEZ,22,5815
LAURA,RODRIGUEZ,22,7087
LAURA,RODRIGUEZ,22,7705
LAURA,RODRIGUEZ,22,9410
LAURA,RODRIGUEZ,22,9580
LAURA,RODRIGUEZ,22,12023
LAURA,RODRIGUEZ,22,12124
LAURA,RODRIGUEZ,22,12222
LAURA,RODRIGUEZ,22,12809
LAURA,RODRIGUEZ,22,13060
LAURA,RODRIGUEZ,22,14056
LAURA,RODRIGUEZ,22,14564
LAURA,RODRIGUEZ,22,15134
LAURA,RODRIGUEZ,22,15589
LAURA,RODRIGUEZ,22,15658
LAURA,RODRIGUEZ,22,15793
SARAH,LEWIS,23,129
SARAH,LEWIS,23,654
SARAH,LEWIS,23,1090
SARAH,LEWIS,23,2753
SARAH,LEWIS,23,2827
SARAH,LEWIS,23,3015
SARAH,LEWIS,23,3055
SARAH,LEWIS,23,3461
SARAH,LEWIS,23,3736
SARAH,LEWIS,23,3781
SARAH,LEWIS,23,4853
SARAH,LEWIS,23,6213
SARAH,LEWIS,23,6238
SARAH,LEWIS,23,6917
SARAH,LEWIS,23,7155
SARAH,LEWIS,23,8015
SARAH,LEWIS,23,8718
SARAH,LEWIS,23,9209
SARAH,LEWIS,23,9255
SARAH,LEWIS,23,9718
SARAH,LEWIS,23,10132
SARAH,LEWIS,23,10898
SARAH,LEWIS,23,11501
SARAH,LEWIS,23,13290
SARAH,LEWIS,23,13331
SARAH,LEWIS,23,13429
SARAH,LEWIS,23,13511
SARAH,LEWIS,23,13557
SARAH,LEWIS,23,14482
SARAH,LEWIS,23,15532
KIMBERLY,LEE,24,1007
KIMBERLY,LEE,24,1077
KIMBERLY,LEE,24,1716
KIMBERLY,LEE,24,2070
KIMBERLY,LEE,24,2116
KIMBERLY,LEE,24,2451
KIMBERLY,LEE,24,2963
KIMBERLY,LEE,24,3649
KIMBERLY,LEE,24,4378
KIMBERLY,LEE,24,5310
KIMBERLY,LEE,24,5648
KIMBERLY,LEE,24,6855
KIMBERLY,LEE,24,7266
KIMBERLY,LEE,24,8947
KIMBERLY,LEE,24,9723
KIMBERLY,LEE,24,9925
KIMBERLY,LEE,24,10491
KIMBERLY,LEE,24,11209
KIMBERLY,LEE,24,11546
KIMBERLY,LEE,24,12165
KIMBERLY,LEE,24,12745
KIMBERLY,LEE,24,12999
KIMBERLY,LEE,24,13058
KIMBERLY,LEE,24,13247
KIMBERLY,LEE,24,15357
DEBORAH,WALKER,25,90
DEBORAH,WALKER,25,1033
DEBORAH,WALKER,25,1338
DEBORAH,WALKER,25,1365
DEBORAH,WALKER,25,1754
DEBORAH,WALKER,25,2625
DEBORAH,WALKER,25,2901
DEBORAH,WALKER,25,3447
DEBORAH,WALKER,25,4282
DEBORAH,WALKER,25,4319
DEBORAH,WALKER,25,4404
DEBORAH,WALKER,25,5881
DEBORAH,WALKER,25,6653
DEBORAH,WALKER,25,6905
DEBORAH,WALKER,25,8667
DEBORAH,WALKER,25,8878
DEBORAH,WALKER,25,9140
DEBORAH,WALKER,25,9334
DEBORAH,WALKER,25,9922
DEBORAH,WALKER,25,10103
DEBORAH,WALKER,25,10324
DEBORAH,WALKER,25,10860
DEBORAH,WALKER,25,10916
DEBORAH,WALKER,25,11642
DEBORAH,WALKER,25,12922
DEBORAH,WALKER,25,14193
DEBORAH,WALKER,25,14236
DEBORAH,WALKER,25,15512
DEBORAH,WALKER,25,15972
JESSICA,HALL,26,796
JESSICA,HALL,26,1105
JESSICA,HALL,26,1440
JESSICA,HALL,26,1706
JESSICA,HALL,26,2093
JESSICA,HALL,26,2416
JESSICA,HALL,26,2421
JESSICA,HALL,26,2532
JESSICA,HALL,26,2745
JESSICA,HALL,26,4065
JESSICA,HALL,26,4274
JESSICA,HALL,26,4382
JESSICA,HALL,26,4402
JESSICA,HALL,26,4431
JESSICA,HALL,26,4536
JESSICA,HALL,26,4641
JESSICA,HALL,26,5437
JESSICA,HALL,26,6149
JESSICA,HALL,26,6243
JESSICA,HALL,26,7328
JESSICA,HALL,26,8241
JESSICA,HALL,26,9484
JESSICA,HALL,26,10386
JESSICA,HALL,26,10996
JESSICA,HALL,26,11314
JESSICA,HALL,26,11338
JESSICA,HALL,26,11744
JESSICA,HALL,26,13111
JESSICA,HALL,26,14183
JESSICA,HALL,26,14192
JESSICA,HALL,26,14603
JESSICA,HALL,26,14677
JESSICA,HALL,26,15384
JESSICA,HALL,26,15722
SHIRLEY,ALLEN,27,787
SHIRLEY,ALLEN,27,1310
SHIRLEY,ALLEN,27,1480
SHIRLEY,ALLEN,27,1699
SHIRLEY,ALLEN,27,1960
SHIRLEY,ALLEN,27,2512
SHIRLEY,ALLEN,27,2815
SHIRLEY,ALLEN,27,3038
SHIRLEY,ALLEN,27,3420
SHIRLEY,ALLEN,27,4038
SHIRLEY,ALLEN,27,4510
SHIRLEY,ALLEN,27,5552
SHIRLEY,ALLEN,27,5736
SHIRLEY,ALLEN,27,6115
SHIRLEY,ALLEN,27,6562
SHIRLEY,ALLEN,27,6658
SHIRLEY,ALLEN,27,7927
SHIRLEY,ALLEN,27,9244
SHIRLEY,ALLEN,27,9636
SHIRLEY,ALLEN,27,9673
SHIRLEY,ALLEN,27,9908
SHIRLEY,ALLEN,27,10794
SHIRLEY,ALLEN,27,10852
SHIRLEY,ALLEN,27,11234
SHIRLEY,ALLEN,27,11661
SHIRLEY,ALLEN,27,11740
SHIRLEY,ALLEN,27,12021
SHIRLEY,ALLEN,27,12461
SHIRLEY,ALLEN,27,12531
SHIRLEY,ALLEN,27,13816
SHIRLEY,ALLEN,27,15048
CYNTHIA,YOUNG,28,388
CYNTHIA,YOUNG,28,868
CYNTHIA,YOUNG,28,1240
CYNTHIA,YOUNG,28,1543
CYNTHIA,YOUNG,28,2299
CYNTHIA,YOUNG,28,2604
CYNTHIA,YOUNG,28,3231
CYNTHIA,YOUNG,28,3845
CYNTHIA,YOUNG,28,4704
CYNTHIA,YOUNG,28,4951
CYNTHIA,YOUNG,28,5653
CYNTHIA,YOUNG,28,5817
CYNTHIA,YOUNG,28,6032
CYNTHIA,YOUNG,28,6476
CYNTHIA,YOUNG,28,7580
CYNTHIA,YOUNG,28,8464
CYNTHIA,YOUNG,28,8901
CYNTHIA,YOUNG,28,9544
CYNTHIA,YOUNG,28,9593
CYNTHIA,YOUNG,28,9705
CYNTHIA,YOUNG,28,10116
CYNTHIA,YOUNG,28,10294
CYNTHIA,YOUNG,28,11444
CYNTHIA,YOUNG,28,11856
CYNTHIA,YOUNG,28,12190
CYNTHIA,YOUNG,28,12359
CYNTHIA,YOUNG,28,12708
CYNTHIA,YOUNG,28,12938
CYNTHIA,YOUNG,28,13783
CYNTHIA,YOUNG,28,14540
CYNTHIA,YOUNG,28,15445
CYNTHIA,YOUNG,28,15491
ANGELA,HERNANDEZ,29,194
ANGELA,HERNANDEZ,29,2655
ANGELA,HERNANDEZ,29,2673
ANGELA,HERNANDEZ,29,2701
ANGELA,HERNANDEZ,29,2735
ANGELA,HERNANDEZ,29,2801
ANGELA,HERNANDEZ,29,2923
ANGELA,HERNANDEZ,29,3324
ANGELA,HERNANDEZ,29,4262
ANGELA,HERNANDEZ,29,4313
ANGELA,HERNANDEZ,29,4535
ANGELA,HERNANDEZ,29,5442
ANGELA,HERNANDEZ,29,5857
ANGELA,HERNANDEZ,29,7237
ANGELA,HERNANDEZ,29,7451
ANGELA,HERNANDEZ,29,7453
ANGELA,HERNANDEZ,29,8673
ANGELA,HERNANDEZ,29,9392
ANGELA,HERNANDEZ,29,9946
ANGELA,HERNANDEZ,29,10543
ANGELA,HERNANDEZ,29,10899
ANGELA,HERNANDEZ,29,11079
ANGELA,HERNANDEZ,29,11962
ANGELA,HERNANDEZ,29,12488
ANGELA,HERNANDEZ,29,12508
ANGELA,HERNANDEZ,29,12569
ANGELA,HERNANDEZ,29,12615
ANGELA,HERNANDEZ,29,13173
ANGELA,HERNANDEZ,29,13436
ANGELA,HERNANDEZ,29,13777
ANGELA,HERNANDEZ,29,13832
ANGELA,HERNANDEZ,29,14174
ANGELA,HERNANDEZ,29,14703
ANGELA,HERNANDEZ,29,14985
ANGELA,HERNANDEZ,29,14997
ANGELA,HERNANDEZ,29,15577
MELISSA,KING,30,1874
MELISSA,KING,30,1895
MELISSA,KING,30,2154
MELISSA,KING,30,2730
MELISSA,KING,30,3964
MELISSA,KING,30,4471
MELISSA,KING,30,4642
MELISSA,KING,30,5028
MELISSA,KING,30,5108
MELISSA,KING,30,5289
MELISSA,KING,30,5972
MELISSA,KING,30,6249
MELISSA,KING,30,6359
MELISSA,KING,30,7394
MELISSA,KING,30,7769
MELISSA,KING,30,8030
MELISSA,KING,30,8038
MELISSA,KING,30,8083
MELISSA,KING,30,8641
MELISSA,KING,30,9309
MELISSA,KING,30,9551
MELISSA,KING,30,9641
MELISSA,KING,30,9998
MELISSA,KING,30,10235
MELISSA,KING,30,12240
MELISSA,KING,30,12546
MELISSA,KING,30,12758
MELISSA,KING,30,13435
MELISSA,KING,30,13682
MELISSA,KING,30,14339
MELISSA,KING,30,14585
MELISSA,KING,30,15063
MELISSA,KING,30,15544
MELISSA,KING,30,15829
BRENDA,WRIGHT,31,1656
BRENDA,WRIGHT,31,1838
BRENDA,WRIGHT,31,2233
BRENDA,WRIGHT,31,2341
BRENDA,WRIGHT,31,2396
BRENDA,WRIGHT,31,2438
BRENDA,WRIGHT,31,2530
BRENDA,WRIGHT,31,2648
BRENDA,WRIGHT,31,3117
BRENDA,WRIGHT,31,3172
BRENDA,WRIGHT,31,3205
BRENDA,WRIGHT,31,3701
BRENDA,WRIGHT,31,3967
BRENDA,WRIGHT,31,4122
BRENDA,WRIGHT,31,4738
BRENDA,WRIGHT,31,6208
BRENDA,WRIGHT,31,6580
BRENDA,WRIGHT,31,7000
BRENDA,WRIGHT,31,7138
BRENDA,WRIGHT,31,7178
BRENDA,WRIGHT,31,7464
BRENDA,WRIGHT,31,8997
BRENDA,WRIGHT,31,12085
BRENDA,WRIGHT,31,12377
BRENDA,WRIGHT,31,15682
BRENDA,WRIGHT,31,15816
AMY,LOPEZ,32,483
AMY,LOPEZ,32,803
AMY,LOPEZ,32,1067
AMY,LOPEZ,32,1887
AMY,LOPEZ,32,2160
AMY,LOPEZ,32,2624
AMY,LOPEZ,32,2891
AMY,LOPEZ,32,3500
AMY,LOPEZ,32,4434
AMY,LOPEZ,32,4771
AMY,LOPEZ,32,4899
AMY,LOPEZ,32,5307
AMY,LOPEZ,32,5767
AMY,LOPEZ,32,5954
AMY,LOPEZ,32,6122
AMY,LOPEZ,32,6450
AMY,LOPEZ,32,7084
AMY,LOPEZ,32,7589
AMY,LOPEZ,32,7793
AMY,LOPEZ,32,8390
AMY,LOPEZ,32,8453
AMY,LOPEZ,32,8914
AMY,LOPEZ,32,11135
AMY,LOPEZ,32,11831
AMY,LOPEZ,32,12414
AMY,LOPEZ,32,13736
AMY,LOPEZ,32,13931
AMY,LOPEZ,32,14075
AMY,LOPEZ,32,14570
ANNA,HILL,33,165
ANNA,HILL,33,1301
ANNA,HILL,33,3173
ANNA,HILL,33,4095
ANNA,HILL,33,5421
ANNA,HILL,33,5723
ANNA,HILL,33,6280
ANNA,HILL,33,7992
ANNA,HILL,33,9040
ANNA,HILL,33,9085
ANNA,HILL,33,9254
ANNA,HILL,33,10335
ANNA,HILL,33,10870
ANNA,HILL,33,12277
ANNA,HILL,33,13241
ANNA,HILL,33,13858
ANNA,HILL,33,13958
ANNA,HILL,33,14002
ANNA,HILL,33,14623
ANNA,HILL,33,15096
ANNA,HILL,33,15115
REBECCA,SCOTT,34,1900
REBECCA,SCOTT,34,2257
REBECCA,SCOTT,34,3150
REBECCA,SCOTT,34,3508
REBECCA,SCOTT,34,3911
REBECCA,SCOTT,34,5188
REBECCA,SCOTT,34,5643
REBECCA,SCOTT,34,5918
REBECCA,SCOTT,34,7015
REBECCA,SCOTT,34,7124
REBECCA,SCOTT,34,7532
REBECCA,SCOTT,34,9160
REBECCA,SCOTT,34,10523
REBECCA,SCOTT,34,10615
REBECCA,SCOTT,34,11096
REBECCA,SCOTT,34,11505
REBECCA,SCOTT,34,11701
REBECCA,SCOTT,34,12286
REBECCA,SCOTT,34,12599
REBECCA,SCOTT,34,12651
REBECCA,SCOTT,34,13371
REBECCA,SCOTT,34,13949
REBECCA,SCOTT,34,14686
REBECCA,SCOTT,34,14701
VIRGINIA,GREEN,35,47
VIRGINIA,GREEN,35,424
VIRGINIA,GREEN,35,1579
VIRGINIA,GREEN,35,1989
VIRGINIA,GREEN,35,2229
VIRGINIA,GREEN,35,2231
VIRGINIA,GREEN,35,2743
VIRGINIA,GREEN,35,3112
VIRGINIA,GREEN,35,3597
VIRGINIA,GREEN,35,4098
VIRGINIA,GREEN,35,4990
VIRGINIA,GREEN,35,5013
VIRGINIA,GREEN,35,5323
VIRGINIA,GREEN,35,5916
VIRGINIA,GREEN,35,5963
VIRGINIA,GREEN,35,6147
VIRGINIA,GREEN,35,6401
VIRGINIA,GREEN,35,6565
VIRGINIA,GREEN,35,6572
VIRGINIA,GREEN,35,7140
VIRGINIA,GREEN,35,8822
VIRGINIA,GREEN,35,8971
VIRGINIA,GREEN,35,9033
VIRGINIA,GREEN,35,9579
VIRGINIA,GREEN,35,11298
VIRGINIA,GREEN,35,11452
VIRGINIA,GREEN,35,11645
VIRGINIA,GREEN,35,12055
VIRGINIA,GREEN,35,13735
VIRGINIA,GREEN,35,14110
VIRGINIA,GREEN,35,14124
VIRGINIA,GREEN,35,14735
KATHLEEN,ADAMS,36,349
KATHLEEN,ADAMS,36,716
KATHLEEN,ADAMS,36,2741
KATHLEEN,ADAMS,36,4135
KATHLEEN,ADAMS,36,4560
KATHLEEN,ADAMS,36,4762
KATHLEEN,ADAMS,36,5403
KATHLEEN,ADAMS,36,6030
KATHLEEN,ADAMS,36,7205
KATHLEEN,ADAMS,36,7647
KATHLEEN,ADAMS,36,7919
KATHLEEN,ADAMS,36,8099
KATHLEEN,ADAMS,36,8391
KATHLEEN,ADAMS,36,8952
KATHLEEN,ADAMS,36,9369
KATHLEEN,ADAMS,36,9805
KATHLEEN,ADAMS,36,10525
KATHLEEN,ADAMS,36,10761
